http://img.alicdn.com/img/i1/31703846/O1CN015wVKJN1eHWJEAn8F7_!!4611686018427380518-0-saturn_solar.jpg_460x460q90.jpg_.webp,政府补贴至高500元OPPO Reno13 超美小直屏 AI高清实况照片 学生拍照,2358.72,6万+人付款,6万+人付款,全部(7000+),7000,5.0
http://img.alicdn.com/img/i1/31703846/O1CN015wVKJN1eHWJEAn8F7_!!4611686018427380518-0-saturn_solar.jpg_460x460q90.jpg_.webp,政府补贴至高500元OPPO Reno13 超美小直屏 AI高清实况照片 学生拍照,2358.72,6万+人付款,6万+人付款,全部(7000+),7000,5.0
http://img.alicdn.com/img/i1/31703846/O1CN015wVKJN1eHWJEAn8F7_!!4611686018427380518-0-saturn_solar.jpg_460x460q90.jpg_.webp,政府补贴至高500元OPPO Reno13 超美小直屏 AI高清实况照片 学生拍照,oppo,2358.72,6万+人付款,6万+人付款,0,0,3
https://g-search1.alicdn.com/img/bao/uploaded/i4/i1/126446588/O1CN01j6RZE31yXMJzNzlq5-126446588.png_460x460q90.jpg_.webp,【测试链接】联想 moto S50 索尼2024全新镜头 新款AI智能手机 金刚品质 联想moto 5G手机 摩托罗拉手机,other,2199.00,2人付款,2人付款,0,0,3
https://g-search1.alicdn.com/img/bao/uploaded/i4/i1/1114511827/O1CN010lq5Je1PMoeQqIfio_!!4611686018427386323-0-item_pic.jpg_460x460q90.jpg_.webp,【政府补贴15%】HONOR/荣耀X60 5G智能手机十面抗摔防水耐磨5800mAh大电池轻薄直屏一亿像素AI影像官方旗舰店,华为,1149.00,8万+人付款,8万+人付款,全部(7000+),7000,5.0
http://img.alicdn.com/img/i1/14867192/O1CN01esUwDF22zzXcUIN7G_!!4611686018427386616-2-saturn_solar.png_460x460q90.jpg_.webp,国补【政府补贴15%】Redmi Note 14 Pro+手机红米note手机小米手机官方旗舰店官网新品正品note14pro+,小米,1749.00,2人付款,2人付款,0,0,3
https://g-search2.alicdn.com/img/bao/uploaded/i4/i1/1904011167/O1CN01MTf1CK1KUXFLOR6MG_!!1904011167.jpg_460x460q90.jpg_.webp,2025新款6.8英寸大屏5G官方正品512GB内存15pro电竞游戏智能手机,other,188.00,12人付款,12人付款,0,0,3
http://img.alicdn.com/img/i2/31915589/O1CN01VWAxe31r9odnOknMZ_!!4611686018427387461-0-saturn_solar.jpg_460x460q90.jpg_.webp,当天发!新品 HUAWEI/华为nova13 100W快充前置6000万4K超广角鸿蒙华为,华为,2449.00,800+人付款,800+人付款,全部(100+),100,4.0
https://g-search2.alicdn.com/img/bao/uploaded/i4/i2/2256022143/O1CN01lPlHKC1RhXoCTH1IE_!!4611686018427382399-2-item_pic.png_460x460q90.jpg_.webp,【政府补贴手机】OPPO一加 Ace 5 新品学生游戏性能手机第三代骁龙 8 一加官方旗舰店官网正品AI智能5g手机,oppo,2299.00,5万+人付款,5万+人付款,全部(5000+),5000,5.0
http://img.alicdn.com/img/i4/3711401049/O1CN01wkTels1JcURqm2ew1_!!3711401049-0-alimamacc.jpg_460x460q90.jpg_.webp,2025年新款/分期免息 P60 Pro 12+512G 新品60 Plus智能手机官方旗舰,other,1399.00,800+人付款,800+人付款,全部(100+),100,4.5
https://g-search1.alicdn.com/img/bao/uploaded/i4/i3/2216133057205/O1CN01Q1CvYe235wgxNTDX6_!!2216133057205.jpg_460x460q90.jpg_.webp,荣耀200Pro官网智能5G手机大内存全新未拆华.为畅享70Pro旗舰手机,华为,1179.00,13人付款,13人付款,0,0,3
http://img.alicdn.com/img/i4/2203416413630/O1CN01q1IbuZ1cgaiPOBdQ2_!!2203416413630-0-alimamacc.jpg_460x460q90.jpg_.webp,2025新款/顺丰速发 送豪华礼 P60 Pro 12+512GB新品X60i旗舰5G手机游,other,1348.00,400+人付款,400+人付款,全部(46),46,5.0
无,VIVO X100 Pro 新款系列正品IQOO Neo10官方旗舰官网X200 Pro手机,other,1047.72,29人付款,29人付款,0,0,3
无,【立即抢购】Redmi Note 13 Pro 2亿像素小米红米note13pro小米官方旗舰店手机旗舰智能机,小米,1075.02,1万+人付款,1万+人付款,全部(1000+),1000,5.0
无,【政府补贴15%】HONOR/荣耀X50 5G智能手机大电池官方旗舰店官网正品荣耀手机老人学生备用千元机荣耀,华为,1269.00,13人付款,13人付款,全部(1),1,4.0
无,【国补立省15%】vivo iQOO Z9 Turbo长续航版新品骁龙学生大电池国补手机专区入口iQOO官方旗舰店,other,1761.02,6000+人付款,6000+人付款,全部(500+),500,5.0
无,新款工厂直销全新正品16G+512G智能手机6.8英寸双卡便宜全网通5G,other,188.00,7人付款,7人付款,0,0,3
无,新品上市15Pro智能手机全网通5G适用于小米官网旗舰Redmi Note13,小米,688.00,8人付款,8人付款,0,0,3
无,当天发!送好礼 新款P50 256GB 5G系列拍照游戏学生老年老人机畅玩50华手机为官方旗舰官网正品店 P50pro,other,888.00,100+人付款,100+人付款,全部(22),22,4.0
无,2025新款6.8英寸大屏官方正品512GB内存15pro大屏电竞游戏智能5G,other,188.00,6人付款,6人付款,0,0,3
无,【政府补贴至高15%】Redmi Note 14 5G手机红米note手机小米手机小米官方旗舰店官网新品小米note14,小米,1025.92,5万+人付款,5万+人付款,0,0,3
无,小/米xiaomi15Pro智能手机全网通5G官方RedmiK80旗舰Note14正品机,小米,688.00,8人付款,8人付款,0,0,3
无,16+512GB大内存智能手机6.8英寸5G全网通大屏游戏安卓便宜百元机,other,188.00,12人付款,12人付款,0,0,3
无,HUAWEI/华为 畅享60S 鸿蒙千元内5G手机,华为,799.00,47人付款,47人付款,0,0,3
无,Huawe/华mAtE70 Pro+2025年鸿蒙新款荣300耀官方旗舰X50 GT手机,other,1058.00,19人付款,19人付款,0,0,3
无,16GB+1024GB官方正品2025新款全网通5G智能手机电竞游戏学生备用,other,188.00,17人付款,17人付款,0,0,3
无,OPPO A3 5G双面抗摔耐磨OLED超亮阳光屏 AI手机百亿补贴官方正品,oppo,932.00,1000+人付款,1000+人付款,全部(90),90,3
无,政府补贴15%叠加优惠380起联想moto S50 Neo纤薄高清双曲屏老人学生手,other,1169.02,5000+人付款,5000+人付款,全部(900+),900,5.0
无,【国补立省15%|6期免息】realme真我Neo7SE学生5G智能AI电竞潮流游戏防水新款手机护眼大电池正品官方旗舰店,other,1799.00,1000+人付款,1000+人付款,全部(200+),200,5.0
无,vivo Y36c 新品智能拍照手机大内存长续航l老年机学生机y36c迷制,other,949.00,600+人付款,600+人付款,0,0,3
无,16+512G正品X15全网通5G便宜学生价游戏智能手机百元老人备用安卓,other,175.00,13人付款,13人付款,0,0,3
无,【政府补贴手机】OPPO一加 Ace 5 新品学生游戏性能手机第三代骁龙 8 一加官方旗舰店官网正品AI智能5g手机,oppo,2299.00,4000+人付款,4000+人付款,全部(400+),400,5.0
无,vivo Y300i新品长续航大内存大音量抗摔护眼直屏学生手机官网正品,other,1499.00,0人付款,0人付款,0,0,5.0
无,新品16GB+1TB 华mAtE 60Pro+新款正品P60官方旗舰Pura70 Pro手机,other,1088.00,24人付款,24人付款,0,0,3
无,工厂直销2025新款智能手机16+512G高清屏6.8寸双卡双待全网通5G,other,188.00,6人付款,6人付款,0,0,3
无,2025新品16+1TB荣耀300pro 官方5G旗舰X50GT智能华p70pro畅享手机,华为,1288.00,12人付款,12人付款,0,0,3
无,【政府补贴15%】iQOO Z9 Turbo 长续航版第三代骁龙8s旗舰芯片6400mAh电池拍照游戏学生性能手机vivo官方正品,other,1761.02,3人付款,3人付款,全部(1),1,5.0
无,原装正品Samsung/三星Galaxy S21+国行S22+Ultra双卡全网通5G手机,other,1283.80,100+人付款,100+人付款,0,0,3
无,新款工厂直销正品16G+512G智能手机高清屏6.8寸双卡便宜全网通5G,other,188.00,22人付款,22人付款,0,0,3
无,【政府补贴15%】HONOR/荣耀GT 新款5G智能手机第三代骁龙8芯片AI魔法修图官网正品手机国补,华为,2129.00,900+人付款,900+人付款,全部(100+),100,5.0
无,【政府补贴15%】Apple/苹果 iPhone 16 手机,other,5199.00,1000+人付款,1000+人付款,全部(100+),100,4.5
无,2025新品上市 新款60系列 12+512GB旗舰5G手机新品X60系列游戏拍照官,other,1448.00,600+人付款,600+人付款,全部(74),74,4.5
无,工厂直销新款正品16G+512G智能手机高清屏双卡全网通5G便宜学生价,other,188.00,3人付款,3人付款,0,0,3
无,HONOR/荣耀X60 Pro 智能手机绿洲护眼屏防水耐磨百亿补贴官方正品,华为,1226.70,1万+人付款,1万+人付款,全部(1000+),1000,3
无,2025新款6.8英寸大屏正品512GB内存5G大屏百元机电竞游戏智能手机,other,188.00,4人付款,4人付款,0,0,3
无,5G新品/当天发！Hi 畅享70 新款5G鸿蒙5000mAh长续航学生老年人华为智选手机官方旗舰店官网正品pro x s,华为,899.00,38人付款,38人付款,全部(11),11,4.0
无,2024年新款vivo S18e手机官方NFC超薄机身拍照像素直播神器,other,1659.82,100+人付款,100+人付款,0,0,3
https://img.alicdn.com/imgextra/i1/1711695481/O1CN01BsaBy81qMLsCksYHT_!!1711695481-0-alimamacc.jpg_460x460q90.jpg_.webp,2025新上市果16Pro max旗舰5G全网通学生Phone官方智能手机正品华,other,658.72,100+人付款,100+人付款,0,0,3
https://gw.alicdn.com/imgextra/O1CN01qIO8mE1m9kW2AT9mg_!!2380534912-0-picasso.jpg_460x460q90.jpg_.webp,【政府补贴15%叠加优惠380起】联想moto S50 Neo纤薄高清双曲屏老人学生手机应用多开5G摩托罗拉官方智能手机,other,1169.02,5000+人付款,5000+人付款,全部(900+),900,5.0
https://g-search3.alicdn.com/img/bao/uploaded/i4/i1/518238250/O1CN01ojQcQG2AoYa81p60I_!!518238250.png_460x460q90.jpg_.webp,新品16GB+1TB 华mAtE 60Pro+新款正品P60官方旗舰Pura70 Pro手机,other,1088.00,24人付款,24人付款,0,0,3
http://img.alicdn.com/img/i1/6204464555/O1CN01Ky8x0V1jWF7P7kgJE_!!4611686018427387307-0-saturn_solar.jpg_460x460q90.jpg_.webp,【6期免息】Huawei/华为畅享70X华为新款手机数码手机正品官方旗舰店智能手机老人机,华为,1949.00,1000+人付款,1000+人付款,全部(200+),200,5.0
https://g-search3.alicdn.com/img/bao/uploaded/i4/i4/2217587502021/O1CN01Gjthdf1QnfTG3UFh3_!!4611686018427382725-2-item_pic.png_460x460q90.jpg_.webp,HONOR/荣耀X60 Pro 智能手机绿洲护眼屏防水耐磨百亿补贴官方正品,华为,1449.00,1万+人付款,1万+人付款,0,0,3
http://img.alicdn.com/img/i2/58830335/O1CN01a52F4i1ELTinddBtk_!!4611686018427383295-2-saturn_solar.png_460x460q90.jpg_.webp,5G新品/当天发！Hi 畅享70 新款5G鸿蒙5000mAh长续航学生老年人华为智选手机官方旗舰店官网正品pro x s,华为,899.00,38人付款,38人付款,全部(11),11,4.0
http://img.alicdn.com/img/i1/6204464555/O1CN01hGSx7z1jWF6mJFo99_!!4611686018427387307-0-saturn_solar.jpg_460x460q90.jpg_.webp,【6期免息】Huawei/华为畅享70X华为新款手机数码手机正品官方旗舰店智能手机老人机,华为,1949.00,1000+人付款,1000+人付款,全部(200+),200,5.0
https://gw.alicdn.com/imgextra/O1CN01qIO8mE1m9kW2AT9mg_!!2380534912-0-picasso.jpg_460x460q90.jpg_.webp,【政府补贴15%叠加优惠380起】联想moto S50 Neo纤薄高清双曲屏老人学生手机应用多开5G摩托罗拉官方智能手机,other,1169.02,5000+人付款,5000+人付款,全部(900+),900,5.0
https://g-search2.alicdn.com/img/bao/uploaded/i4/i4/2217587502021/O1CN01Gjthdf1QnfTG3UFh3_!!4611686018427382725-2-item_pic.png_460x460q90.jpg_.webp,HONOR/荣耀X60 Pro 智能手机绿洲护眼屏防水耐磨百亿补贴官方正品,华为,1449.00,1万+人付款,1万+人付款,全部(1000+),1000,3
http://img.alicdn.com/img/i1/6204464555/O1CN01Ky8x0V1jWF7P7kgJE_!!4611686018427387307-0-saturn_solar.jpg_460x460q90.jpg_.webp,【6期免息】Huawei/华为畅享70X华为新款手机数码手机正品官方旗舰店智能手机老人机,华为,1949.00,1000+人付款,1000+人付款,全部(200+),200,5.0
https://g-search2.alicdn.com/img/bao/uploaded/i4/i4/2217587502021/O1CN01Gjthdf1QnfTG3UFh3_!!4611686018427382725-2-item_pic.png_460x460q90.jpg_.webp,HONOR/荣耀X60 Pro 智能手机绿洲护眼屏防水耐磨百亿补贴官方正品,华为,1449.00,1万+人付款,1万+人付款,全部(1000+),1000,3
https://gw.alicdn.com/imgextra/O1CN01qIO8mE1m9kW2AT9mg_!!2380534912-0-picasso.jpg_460x460q90.jpg_.webp,【政府补贴15%叠加优惠380起】联想moto S50 Neo纤薄高清双曲屏老人学生手机应用多开5G摩托罗拉官方智能手机,other,1169.02,5000+人付款,5000+人付款,全部(900+),900,5.0
http://img.alicdn.com/img/i2/31915589/O1CN01VWAxe31r9odnOknMZ_!!4611686018427387461-0-saturn_solar.jpg_460x460q90.jpg_.webp,当天发!新品 HUAWEI/华为nova13 100W快充前置6000万4K超广角鸿蒙华为,华为,2449.00,800+人付款,800+人付款,全部(100+),100,4.0
https://g-search2.alicdn.com/img/bao/uploaded/i4/i2/2216401396536/O1CN01ZzB4kW1y9Xj0GtUvr_!!2216401396536.jpg_460x460q90.jpg_.webp,工厂直销2025新款智能手机16+512G高清屏6.8寸双卡双待全网通5G,other,188.00,7人付款,7人付款,0,0,3
https://g-search1.alicdn.com/img/bao/uploaded/i4/i1/518238250/O1CN01ojQcQG2AoYa81p60I_!!518238250.png_460x460q90.jpg_.webp,新品16GB+1TB 华mAtE 60Pro+新款正品P60官方旗舰Pura70 Pro手机,other,1088.00,25人付款,25人付款,0,0,3
https://img.alicdn.com/imgextra/i3/2226474156/O1CN01QMSSez1gZV5Ias3B0_!!2226474156-0-alimamacc.jpg_460x460q90.jpg_.webp,HUAWEI/华为 畅享60S 鸿蒙千元内5G手机,华为,799.00,47人付款,47人付款,全部(13),13,5.0
https://gw.alicdn.com/imgextra/O1CN01qIO8mE1m9kW2AT9mg_!!2380534912-0-picasso.jpg_460x460q90.jpg_.webp,【政府补贴15%叠加优惠380起】联想moto S50 Neo纤薄高清双曲屏老人学生手机应用多开5G摩托罗拉官方智能手机,other,1169.02,5000+人付款,5000+人付款,全部(900+),900,5.0
http://img.alicdn.com/img/i3/14867192/O1CN01MilMfn22zzXe3XWSE_!!4611686018427386616-0-saturn_solar.jpg_460x460q90.jpg_.webp,国补【政府补贴15%】Redmi Note 14 Pro+手机红米note手机小米手机官方旗舰店官网新品正品note14pro+,小米,1749.00,2人付款,2人付款,0,0,4.0
https://g-search1.alicdn.com/img/bao/uploaded/i4/i1/2216401396536/O1CN01ArdZUU1y9Xixt5YeY_!!2216401396536.jpg_460x460q90.jpg_.webp,工厂直销新款正品16G+512G智能手机高清屏双卡全网通5G便宜学生价,other,188.00,4人付款,4人付款,0,0,3
http://img.alicdn.com/img/i4/3711401049/O1CN01wkTels1JcURqm2ew1_!!3711401049-0-alimamacc.jpg_460x460q90.jpg_.webp,2025年新款/分期免息 P60 Pro 12+512G 新品60 Plus智能手机官方旗舰,other,1399.00,900+人付款,900+人付款,全部(100+),100,4.5
https://g-search1.alicdn.com/img/bao/uploaded/i4/i4/2217587502021/O1CN01Gjthdf1QnfTG3UFh3_!!4611686018427382725-2-item_pic.png_460x460q90.jpg_.webp,HONOR/荣耀X60 Pro 智能手机绿洲护眼屏防水耐磨百亿补贴官方正品,华为,1449.00,1万+人付款,1万+人付款,全部(1000+),1000,3
http://img.alicdn.com/img/i1/131392335/O1CN01elllEc1T7TqX0z77D_!!4611686018427380559-0-saturn_solar.jpg_460x460q90.jpg_.webp,当天发!送好礼 新款P50 256GB 5G系列拍照游戏学生老年老人机畅玩50华手机为官方旗舰官网正品店 P50pro,other,888.00,100+人付款,100+人付款,全部(22),22,4.0
无,【政府补贴15%】HONOR/荣耀X60 5G智能手机十面抗摔防水耐磨5800mAh大电池轻薄直屏一亿像素AI影像官方旗舰店,华为,1149.00,8万+人付款,8万+人付款,全部(7000+),7000,5.0
无,新款工厂直销全新正品16G+512G智能手机6.8英寸双卡便宜全网通5G,other,188.00,10人付款,10人付款,0,0,3
无,推荐！华为荣耀 X50 新款旗舰5G曲面屏手机,华为,1228.00,100+人付款,100+人付款,全部(17),17,5.0
无,2025新品16+1TB荣耀300pro 官方5G旗舰X50GT智能华p70pro畅享手机,华为,1288.00,12人付款,12人付款,0,0,3
无,2025新款6.8英寸大屏正品512GB内存5G大屏百元机电竞游戏智能手机,other,188.00,6人付款,6人付款,0,0,3
无,vivo X200 Pro新款Y300耀X50 iqoo Neo10 13手机S20荣X60正品Z9华,vivo,769.03,8人付款,8人付款,0,0,3
无,当天发!新品 小米手机Note14Pro 12+256GB 5G新款拍照游戏红米note14p,小米,999.00,700+人付款,700+人付款,全部(96),96,4.0
无,2025新款智选/华mAtE70 Pro官网Nova13Pro正品畅享 70X旗舰5G手机,other,1047.72,23人付款,23人付款,0,0,3
无,新款工厂直销正品16G+512G智能手机高清屏6.8寸双卡便宜全网通5G,other,188.00,29人付款,29人付款,0,0,3
无,智选/华 mATE 70 Pro+2025款正品未拆鸿蒙Mate60 Pro官方旗舰手机,other,688.00,10人付款,10人付款,0,0,3
无,16+512G正品X15全网通5G便宜学生价游戏智能手机百元老人备用安卓,other,175.00,13人付款,13人付款,0,0,3
无,2025新款/顺丰速发 送豪华礼 P60 Pro 12+512GB新品X60i旗舰5G手机游,other,1348.00,400+人付款,400+人付款,全部(47),47,5.0
无,新品16G+1TB oppo Find N5国补正品一加Ace5Pro官方旗舰13手机A3,oppo,1047.72,28人付款,28人付款,0,0,3
无,16GB+1024GB官方正品2025新款全网通5G智能手机电竞游戏学生备用,other,188.00,9人付款,9人付款,0,0,3
无,vivo X200s大内存旗舰5G手机全新正品vivo iQOO12Pro拍照游戏手机,vivo,1259.00,12人付款,12人付款,0,0,3
无,【政府补贴15%】HONOR/荣耀X50 5G智能手机大电池官方旗舰店官网正品荣耀手机老人学生备用千元机荣耀,华为,1269.00,13人付款,13人付款,全部(1),1,4.0
无,【政府补贴15%】Apple/苹果 iPhone 16 手机,other,5199.00,1000+人付款,1000+人付款,全部(100+),100,4.5
无,荣耀300官网旗舰手机全网通512G大内存正品华/为Mate70Pro+全新机,华为,1239.00,10人付款,10人付款,0,0,3
无,新品16GB+1TB OPPO  find X8正品国补一加Ace5 Pro官方旗舰手机,oppo,1047.72,28人付款,28人付款,0,0,3
无,HONOR/荣耀300手机智能游戏100W超级快充荣耀绿洲护眼屏百亿补贴,华为,1679.00,4000+人付款,4000+人付款,0,0,3
无,分期免息现货速发豪礼  Redmi Note 14 5G 新款手机红米note14系列官,小米,1049.00,200+人付款,200+人付款,全部(500+),500,4.0
无,HONOR/荣耀X50 GT 智能5G手机骁龙8+满帧战神引擎5800mAh超长续航官方正品游戏手机电竞学生,华为,1599.00,6000+人付款,6000+人付款,全部(700+),700,5.0
无,16GB+1024GB官方正品2025新款全网通5G智能手机电竞游戏学生备用,other,188.00,27人付款,27人付款,0,0,3
无,【政府补贴手机】OPPO一加 Ace 5 新品学生游戏性能手机第三代骁龙 8 一加官方旗舰店官网正品AI智能5g手机,oppo,2299.00,4000+人付款,4000+人付款,全部(400+),400,5.0
无,六期免息 现货速发送豪礼Redmi 红米Note 14 Pro手机红米note14pro小,小米,1269.00,400+人付款,400+人付款,全部(100+),100,4.0
无,耀Mat70Pro官方Magic7旗舰X50手机5G全网90GT为政府补贴P60正品华,other,688.00,9人付款,9人付款,0,0,3
无,【政府补贴手机】OPPO一加 Ace 5 新品学生游戏性能手机第三代骁龙 8 一加官方旗舰店官网正品AI智能5g手机,oppo,2299.00,5万+人付款,5万+人付款,全部(5000+),5000,5.0
无,【政府补贴15%】HONOR/荣耀GT 新款5G智能手机第三代骁龙8芯片AI魔法修图官网正品手机国补,华为,2129.00,900+人付款,900+人付款,全部(100+),100,5.0
无,2025新款6.8英寸大屏5G官方正品512GB内存15pro电竞游戏智能手机,other,188.00,25人付款,25人付款,0,0,3
无,vivo Y300i新品长续航大内存大音量抗摔护眼直屏学生手机官网正品,vivo,1499.00,5人付款,5人付款,0,0,5.0
无,新款工厂直销正品16G+512G智能手机高清屏6.8寸双卡便宜全网通5G,other,188.00,11人付款,11人付款,0,0,3
无,【新品上市】OPPO A3i 超硬核抗摔架构学生智能拍照手机百亿补贴,oppo,747.00,400+人付款,400+人付款,全部(26),26,3
无,工厂直销2025新款智能手机16+512G高清屏6.8寸双卡双待全网通5G,other,188.00,6人付款,6人付款,0,0,3
无,【政府补贴15%】iQOO Z9 Turbo 长续航版第三代骁龙8s旗舰芯片6400mAh电池拍照游戏学生性能手机vivo官方正品,vivo,1761.02,3人付款,3人付款,全部(1),1,5.0
无,小米15Pro新品上市官网旗舰手机大内存双卡双待全新红米14Pro手机,小米,1259.00,11人付款,11人付款,0,0,3
http://img.alicdn.com/img/i1/881090092/O1CN01Le2ycf1CYBTjL7wcG_!!4611686018427387436-2-saturn_solar.png_460x460q90.jpg_.webp,vivo Y300i新品长续航大内存大音量抗摔护眼直屏学生手机官网正品,vivo,1499.00,5人付款,5人付款,0,0,5.0
https://g-search3.alicdn.com/img/bao/uploaded/i4/i1/1714128138/O1CN01dxhGVa29zGBoPQWlH_!!4611686018427381002-2-item_pic.png_460x460q90.jpg_.webp,【立即抢购】Redmi Note 13 Pro 2亿像素小米红米note13pro小米官方旗舰店手机旗舰智能机,小米,1075.02,1万+人付款,1万+人付款,全部(1000+),1000,5.0
https://g-search3.alicdn.com/img/bao/uploaded/i4/i2/2200766936524/O1CN01SvE0X61y42yQZWJof_!!4611686018427385292-0-item_pic.jpg_460x460q90.jpg_.webp,【国补立省15%|6期免息】realme真我Neo7SE学生5G智能AI电竞潮流游戏防水新款手机护眼大电池正品官方旗舰店,other,1799.00,5万+人看过,5万+人看过,全部(200+),200,5.0
http://img.alicdn.com/img/i2/31915589/O1CN01VWAxe31r9odnOknMZ_!!4611686018427387461-0-saturn_solar.jpg_460x460q90.jpg_.webp,当天发!新品 HUAWEI/华为nova13 100W快充前置6000万4K超广角鸿蒙华为,华为,2449.00,800+人付款,800+人付款,全部(100+),100,4.0
https://g-search3.alicdn.com/img/bao/uploaded/i4/i1/2218300850280/O1CN01IZ0DRc1DwHvsDNxyw_!!2218300850280.jpg_460x460q90.jpg_.webp,2025新款骁龙大屏拍照智能手机游戏学生党专用安卓备用机便宜百元,other,39.99,33人付款,33人付款,0,0,3
无,【政府补贴15%】iQOO Z9 Turbo 长续航版第三代骁龙8s旗舰芯片6400mAh电池拍照游戏学生性能手机vivo官方正品,vivo,1761.02,3人付款,3人付款,全部(1),1,5.0
无,新款工厂直销正品16G+512G智能手机高清屏6.8寸双卡便宜全网通5G,other,188.00,29人付款,29人付款,0,0,3
无,国补【政府补贴15%】Redmi Note 14 Pro+手机红米note手机小米手机官方旗舰店官网新品正品note14pro+,小米,1749.00,2人付款,2人付款,0,0,4.0
无,智选/华 Pura70Pro+2025新款大屏鸿蒙P60 Pro官方旗舰畅享70x手机,other,1058.00,11人付款,11人付款,0,0,3
无,【政府补贴15%】HONOR/荣耀X50 5G智能手机大电池官方旗舰店官网正品荣耀手机老人学生备用千元机荣耀,华为,1269.00,13人付款,13人付款,0,0,3
无,Apple/苹果 iPhone 12 Pro Max苹果12pro国行正品原装5G全网通,other,2030.00,1000+人看过,1000+人看过,0,0,3
无,16GB+1024GB官方正品2025新款全网通5G智能手机电竞游戏学生备用,other,188.00,21人看过,21人看过,0,0,3
无,HUAWEI/华为 畅享60S 鸿蒙千元内5G手机,华为,799.00,47人付款,47人付款,0,0,3
无,2025新款智选/华mAtE70 Pro官网Nova13Pro正品畅享 70X旗舰5G手机,other,1047.72,23人付款,23人付款,全部,,4.3
无,【全新未激活】新款智能手机16+512G高清屏6.8寸双卡双待全网通5G,other,68.00,22人付款,22人付款,0,0,3
无,荣耀100Pro全新智能手机大内存双卡双待官网荣耀200Pro正品旗舰机,华为,698.00,11人付款,11人付款,0,0,3
无,2025新品上市 新款60系列 12+512GB旗舰5G手机新品X60系列游戏拍照官,other,1448.00,600+人付款,600+人付款,全部(74),74,5.0
无,16+512GB大内存智能手机6.8英寸5G全网通大屏游戏安卓便宜百元机,other,188.00,500+人看过,500+人看过,0,0,3
无,【下拉领政府补贴15%】REDMI K80红米k80手机官方旗舰店游戏拍照学生国补智能手机小米手机红米手机redmik80,小米,2458.72,10万+人付款,10万+人付款,全部(20000+),20000,5.0
无,Apple/苹果 iPhone 16国行正品原装6.1英寸分期免息手机5G全网通,other,520.00,4人付款,4人付款,0,0,3
无,vivo X200 Pro新款Y300耀X50 iqoo Neo10 13手机S20荣X60正品Z9华,vivo,769.03,14人看过,14人看过,0,0,3
无,5G新品/当天发！Hi 畅享70 新款5G鸿蒙5000mAh长续航学生老年人华为智选手机官方旗舰店官网正品pro x s,华为,899.00,40人付款,40人付款,0,0,3
无,16GB+1024GB官方正品2025新款全网通5G智能手机电竞游戏学生备用,other,188.00,20人看过,20人看过,0,0,3
无,16GB+1024GB官方正品2025新款全网通5G智能手机电竞游戏学生备用,other,188.00,40人看过,40人看过,0,0,3
无,Huawei/华为 畅享20 Pro全网通5G智能手机学生上网课老人千元备用,华为,346.00,24人付款,24人付款,0,0,3
无,政府补贴15%叠加优惠380起联想moto S50 Neo纤薄高清双曲屏老人学生手,other,1169.02,5000+人付款,5000+人付款,0,0,3
无,5G新款大屏拍照智能手机游戏学生党专用安卓备用机老人机便宜百元,other,39.99,48人付款,48人付款,全部,,4.2
无,Huawei/华为 Mate 30 Pro 5G麒麟990芯片鸿蒙系统NFC拍照2手机,华为,441.00,200+人付款,200+人付款,0,0,3
无,【5G百元机优选】努比亚小牛5G拍照手机大电池一亿像素5000mAh智能语音学生游戏手机官网官旗努比亚小牛,other,832.02,2000+人付款,2000+人付款,全部(400+),400,4.5
无,【官方正品】2025新品M60Pro电竞游戏16+512G智能手机5G全网通千百元学生价超薄6.5寸大屏老年人备用机旗舰店,other,298.00,1000+人付款,1000+人付款,全部(200+),200,3.5
无,当天发!送好礼 新款P50 256GB 5G系列拍照游戏学生老年老人机畅玩50华手机为官方旗舰官网正品店 P50pro,other,888.00,100+人付款,100+人付款,全部(22),22,4.0
无,耀X50 X60曲屏Mat 60 Pro Pur 70畅享70X手机Nov 13 12官方正品华,other,758.72,44人看过,44人看过,全部,,4.6
无,HONOR/荣耀300手机智能游戏100W超级快充荣耀绿洲护眼屏百亿补贴,华为,1679.00,4000+人付款,4000+人付款,0,0,3
无,直降鸿蒙生态hi畅享60S5G超长待机手机WIKO（消费电子） GAR-AN60,other,587.52,13人付款,13人付款,0,0,3
无,2025新款/顺丰速发 送豪华礼 P60 Pro 12+512GB新品X60i旗舰5G手机游,other,1348.00,400+人付款,400+人付款,0,0,3
无,16GB+1024GB官方正品2025新款全网通5G智能手机电竞游戏学生备用,other,188.00,16人看过,16人看过,0,0,3
无,16GB+1024GB官方正品2025新款全网通5G智能手机电竞游戏学生备用,other,188.00,16人看过,16人看过,0,0,3
无,【国补立省15%】realme/真我Neo7学生5G智能AI电竞潮流游戏防水新款手机护眼直屏大电池正品官方旗舰店,other,2058.72,800+人付款,800+人付款,全部(100+),100,5.0
无,Samsung/三星 Galaxy Z Flip6 SM-F7410 双卡5G折叠屏AI手机现货,other,3688.00,3人付款,3人付款,0,0,3
无,【政府补贴15%】HONOR/荣耀GT 新款5G智能手机第三代骁龙8芯片AI魔法修图官网正品手机国补,华为,2129.00,900+人付款,900+人付款,全部(100+),100,5.0
无,工厂直销新款正品16G+512G智能手机高清屏双卡全网通5G便宜学生价,other,188.00,15人看过,15人看过,0,0,3
无,新款工厂直销正品16G+512G智能手机高清屏6.8寸双卡便宜全网通5G,other,188.00,100+人看过,100+人看过,0,0,3
无,【政府补贴至高15%】Redmi Note 14 Pro手机红米note小米手机小米官方旗舰店官网新品小米note14pro,小米,1271.02,10万+人付款,10万+人付款,全部(20000+),20000,5.0
无,【6期免息】Huawei/华为畅享70X华为新款手机数码手机正品官方旗舰店智能手机老人机,华为,1899.00,1000+人付款,1000+人付款,全部(200+),200,5.0
无,16GB+1024GB官方正品2025新款全网通5G智能手机电竞游戏学生备用,other,188.00,29人看过,29人看过,0,0,3
http://img.alicdn.com/img/i2/31915589/O1CN01VWAxe31r9odnOknMZ_!!4611686018427387461-0-saturn_solar.jpg_460x460q90.jpg_.webp,当天发!新品 HUAWEI/华为nova13 100W快充前置6000万4K超广角鸿蒙华为,华为,2449.00,800+人付款,800+人付款,0,0,3
https://g-search2.alicdn.com/img/bao/uploaded/i4/i3/2214957993611/O1CN013dDa6C1cXtEGFBsms_!!2214957993611.jpg_460x460q90.jpg_.webp,2025新品opReno13旗舰5G全网通官方果16Promax正品K12X智能手机华,other,588.00,500+人看过,500+人看过,0,0,3
https://g-search1.alicdn.com/img/bao/uploaded/i4/i2/2215639105521/O1CN01uryayw1qefiUccc6B_!!2215639105521.png_460x460q90.jpg_.webp,Huawe/华mAtE70 Pro+2025年鸿蒙新款荣300耀官方旗舰X50 GT手机,other,1058.00,20人付款,20人付款,0,0,3
http://img.alicdn.com/img/i1/14867192/O1CN01esUwDF22zzXcUIN7G_!!4611686018427386616-2-saturn_solar.png_460x460q90.jpg_.webp,国补【政府补贴15%】Redmi Note 14 Pro+手机红米note手机小米手机官方旗舰店官网新品正品note14pro+,小米,1749.00,2人付款,2人付款,0,0,4.0
https://g-search3.alicdn.com/img/bao/uploaded/i4/i4/1114511827/O1CN01RKDyZ51PMoeQq9h4W_!!4611686018427386323-0-item_pic.jpg_460x460q90.jpg_.webp,【政府补贴15%】HONOR/荣耀X60 5G智能手机十面抗摔防水耐磨5800mAh大电池轻薄直屏一亿像素AI影像官方旗舰店,华为,1149.00,8万+人付款,8万+人付款,全部(7000+),7000,5.0
http://img.alicdn.com/img/i2/2843600184/O1CN01eH3LF71DEJuoTgNqg_!!4611686018427381048-0-saturn_solar.jpg_460x460q90.jpg_.webp,【政府补贴15%】iQOO Z9 Turbo 长续航版第三代骁龙8s旗舰芯片6400mAh电池拍照游戏学生性能手机vivo官方正品,vivo,1761.02,3人付款,3人付款,全部(1),1,5.0
https://g-search3.alicdn.com/img/bao/uploaded/i4/i4/1714128138/O1CN01V3hneB29zGDwAq9FS-1714128138.png_460x460q90.jpg_.webp,【政府补贴至高15%】Redmi Note 14 Pro手机红米note小米手机小米官方旗舰店官网新品小米note14pro,小米,1271.02,10万+人付款,10万+人付款,全部(20000+),20000,5.0
http://img.alicdn.com/img/i1/881090092/O1CN01Le2ycf1CYBTjL7wcG_!!4611686018427387436-2-saturn_solar.png_460x460q90.jpg_.webp,vivo Y300i新品长续航大内存大音量抗摔护眼直屏学生手机官网正品,vivo,1499.00,5人付款,5人付款,0,0,3
https://gw.alicdn.com/imgextra/O1CN01qIO8mE1m9kW2AT9mg_!!2380534912-0-picasso.jpg_460x460q90.jpg_.webp,【政府补贴15%叠加优惠380起】联想moto S50 Neo纤薄高清双曲屏老人学生手机应用多开5G摩托罗拉官方智能手机,other,1169.02,5000+人付款,5000+人付款,0,0,3
http://img.alicdn.com/img/i2/14867192/O1CN01mA4Cez22zzXGaPvV4_!!4611686018427386616-0-saturn_solar.jpg_460x460q90.jpg_.webp,【政府补贴15%】HONOR/荣耀X50 5G智能手机大电池官方旗舰店官网正品荣耀手机老人学生备用千元机荣耀,华为,1269.00,13人付款,13人付款,0,0,3
无,【下拉领政府补贴15%】REDMI K80红米k80手机官方旗舰店游戏拍照学生国补智能手机小米手机红米手机redmik80,小米,2458.72,10万+人付款,10万+人付款,0,0,3
无,【政府补贴15%】HONOR/荣耀Play9C 智能5G手机 SGS五星抗跌耐摔认证 5200mAh超能长续航官方旗舰店学生老人机,华为,589.00,2万+人付款,2万+人付款,全部(1000+),1000,5.0
无,【政府补贴15% 24期分期免息】OPPO Find X8 Pro 5G 旗舰手机无影抓拍超轻薄潮汐引擎天玑9400,oppo,4858.72,100+人付款,100+人付款,全部(13),13,5.0
无,【国补立省15%|现货赠蓝牙耳机】realme/真我Neo7学生智能AI电竞潮流游戏防水新款手机大电池正品官方旗舰店,other,2058.72,1万+人付款,1万+人付款,全部(5000+),5000,5.0
无,16GB+1024GB官方正品2025新款全网通5G智能手机电竞游戏学生备用,other,188.00,69人看过,69人看过,0,0,3
无,【政府补贴至高15%】Redmi Note 13 5G手机1亿像素红米note手机小米手机小米官方旗舰店官网新品note13,小米,877.02,10万+人付款,10万+人付款,0,0,3
无,HUAWEI/华为 畅享60S 鸿蒙千元内5G手机,华为,799.00,47人付款,47人付款,全部(13),13,5.0
无,16GB+1024GB官方正品2025新款全网通5G智能手机电竞游戏学生备用,other,188.00,33人看过,33人看过,0,0,3
无,【立即抢购】Redmi Note 13 Pro 2亿像素小米红米note13pro小米官方旗舰店手机旗舰智能机,小米,1075.02,1万+人付款,1万+人付款,0,0,3
无,新款工厂直销正品16G+512G智能手机高清屏6.8寸双卡便宜全网通5G,other,188.00,55人看过,55人看过,0,0,3
无,【政府补贴15%】HONOR/荣耀GT 新款5G智能手机第三代骁龙8芯片AI魔法修图官网正品手机国补,华为,2129.00,900+人付款,900+人付款,0,0,3
无,5G新品/当天发！Hi 畅享70 新款5G鸿蒙5000mAh长续航学生老年人华为智选手机官方旗舰店官网正品pro x s,华为,899.00,40人付款,40人付款,0,0,3
无,16GB+1024GB官方正品2025新款全网通5G智能手机电竞游戏学生备用,other,188.00,20人看过,20人看过,0,0,3
无,【政府补贴至高15%】Redmi Note 14 5G手机红米note手机小米手机小米官方旗舰店官网新品小米note14,小米,1025.92,5万+人付款,5万+人付款,全部(4000+),4000,5.0
无,Samsung/三星 Galaxy Z Flip6 SM-F7410 双卡5G折叠屏AI手机现货,other,3688.00,3人付款,3人付款,0,0,3
无,当天发!送好礼 新款P50 256GB 5G系列拍照游戏学生老年老人机畅玩50华手机为官方旗舰官网正品店 P50pro,other,888.00,100+人付款,100+人付款,全部(22),22,4.0
无,【国补立省15%】realme/真我Neo7学生5G智能AI电竞潮流游戏防水新款手机护眼直屏大电池正品官方旗舰店,other,2058.72,800+人付款,800+人付款,全部(100+),100,5.0
无,新品16GB+1TB 华mAtE 60Pro+新款正品P60官方旗舰Pura70 Pro手机,other,1088.00,500+人看过,500+人看过,0,0,3
无,【政府补贴15%】Apple/苹果 iPhone 16 手机,other,5199.00,1000+人付款,1000+人付款,0,0,3
无,Samsung/三星 Galaxy S23 Ultra SM-S9180全网通5G手机S24Ultra,other,3728.00,100+人付款,100+人付款,0,0,3
无,2025新上市果16Pro max旗舰5G全网通学生Phone官方智能手机正品华,other,658.72,100+人付款,100+人付款,0,0,3
无,2025新品16+1TB荣耀300pro 官方5G旗舰X50GT智能华p70pro畅享手机,华为,1288.00,12人付款,12人付款,0,0,3
无,新款工厂直销正品16G+512G智能手机高清屏6.8寸双卡便宜全网通5G,other,188.00,69人付款,69人付款,0,0,3
无,新品16GB+1TB OPPO  find X8正品国补一加Ace5 Pro官方旗舰手机,oppo,1047.72,200+人看过,200+人看过,0,0,3
无,【6期免息】Huawei/华为畅享70X华为新款手机数码手机正品官方旗舰店智能手机老人机,华为,1899.00,1000+人付款,1000+人付款,全部(200+),200,5.0
无,【政府补贴15%】华为畅享 70X 新品手机巨鲸长续航双曲护眼屏五星超耐摔官方旗舰店鸿蒙曲面屏新款正品畅享70,华为,1749.00,5万+人看过,5万+人看过,全部(40),40,4.5
无,【政府补贴立省500元】Apple/苹果 iPhone 15 国行正品全新未拆封全网通智能苹果手机,other,4398.00,2000+人付款,2000+人付款,全部(73),73,3
无,工厂直销新款正品16G+512G智能手机高清屏双卡全网通5G便宜学生价,other,188.00,62人看过,62人看过,0,0,3
无,HONOR/荣耀300手机智能游戏100W超级快充荣耀绿洲护眼屏百亿补贴,华为,1679.00,4000+人付款,4000+人付款,0,0,3
无,【政府补贴手机】OPPO一加 Ace 5 新品学生游戏性能手机第三代骁龙 8 一加官方旗舰店官网正品AI智能5g手机,oppo,2299.00,5万+人付款,5万+人付款,全部(5000+),5000,5.0
无,16GB+1024GB官方正品2025新款全网通5G智能手机电竞游戏学生备用,other,188.00,16人看过,16人看过,0,0,3
无,16GB+1024GB官方正品2025新款全网通5G智能手机电竞游戏学生备用,other,188.00,21人看过,21人看过,全部,,4.4
无,【国补立省15%|6期免息】Realme真我Neo7x手机学生5G智能AI电竞游戏防水新款护眼直屏大电池正品官方旗舰店,other,1299.00,5万+人看过,5万+人看过,全部(48),48,5.0
无,【国补立省15%|6期免息】realme真我Neo7SE学生5G智能AI电竞潮流游戏防水新款手机护眼大电池正品官方旗舰店,other,1799.00,5万+人看过,5万+人看过,0,0,3
无,16GB+1024GB官方正品2025新款全网通5G智能手机电竞游戏学生备用,other,188.00,16人看过,16人看过,0,0,3
http://img.alicdn.com/img/i2/881090092/O1CN01A4MjML1CYBTkdRakk_!!4611686018427387436-2-saturn_solar.png_460x460q90.jpg_.webp,vivo Y300i新品长续航大内存大音量抗摔护眼直屏学生手机官网正品,vivo,1499.00,5人付款,5人付款,0,0,3
https://g-search2.alicdn.com/img/bao/uploaded/i4/i3/3429745547/O1CN01VqoqRs1qqZtQPc088_!!3429745547.png_460x460q90.jpg_.webp,Sony/索尼 XQ-BQ72 X5III 马克兔3代 骁龙888手机 120HZ 三网电信,other,399.00,1000+人付款,1000+人付款,0,0,3
http://img.alicdn.com/img/i2/14867192/O1CN01MV3Est22zzXVGYvw9_!!4611686018427386616-0-saturn_solar.jpg_460x460q90.jpg_.webp,国补【政府补贴15%】Redmi Note 14 Pro+手机红米note手机小米手机官方旗舰店官网新品正品note14pro+,小米,1749.00,2,能良数码官方旗舰店,0,0,3
https://g-search3.alicdn.com/img/bao/uploaded/i4/i4/1114511827/O1CN01RKDyZ51PMoeQq9h4W_!!4611686018427386323-0-item_pic.jpg_460x460q90.jpg_.webp,【政府补贴15%】HONOR/荣耀X60 5G智能手机十面抗摔防水耐磨5800mAh大电池轻薄直屏一亿像素AI影像官方旗舰店,华为,1149.00,80000,荣耀官方旗舰店,0,0,3
https://g-search2.alicdn.com/img/bao/uploaded/i4/i4/2217587502021/O1CN010N84pP1QnfTUcXEsu_!!4611686018427382725-2-item_pic.png_460x460q90.jpg_.webp,HONOR/荣耀300手机智能游戏100W超级快充荣耀绿洲护眼屏百亿补贴,华为,1679.00,4000,百亿补贴官方精选,全部(300+),300,3
http://img.alicdn.com/img/i3/2380534912/O1CN01TWFk9L1m9kUbxRL9G_!!2380534912-0-alimamacc.jpg_460x460q90.jpg_.webp,政府补贴15%叠加优惠380起联想moto S50 Neo纤薄高清双曲屏老人学生手,other,1169.02,5000,moto摩托罗拉旗舰店,全部(900+),900,5.0
https://g-search2.alicdn.com/img/bao/uploaded/i4/i2/2200766936524/O1CN01bileD91y42yOc4INi_!!4611686018427385292-0-item_pic.jpg_460x460q90.jpg_.webp,【国补立省15%|6期免息】Realme真我Neo7x手机学生5G智能AI电竞游戏防水新款护眼直屏大电池正品官方旗舰店,other,1299.00,50000,realme官方旗舰店,0,0,3
http://img.alicdn.com/img/i1/881090092/O1CN01Le2ycf1CYBTjL7wcG_!!4611686018427387436-2-saturn_solar.png_460x460q90.jpg_.webp,vivo Y300i新品长续航大内存大音量抗摔护眼直屏学生手机官网正品,vivo,1499.00,5,vivo手机官方旗舰店,0,0,5.0
https://g-search1.alicdn.com/img/bao/uploaded/i4/i2/2200766936524/O1CN01SvE0X61y42yQZWJof_!!4611686018427385292-0-item_pic.jpg_460x460q90.jpg_.webp,【国补立省15%|6期免息】realme真我Neo7SE学生5G智能AI电竞潮流游戏防水新款手机护眼大电池正品官方旗舰店,other,1799.00,50000,realme官方旗舰店,0,0,3
http://img.alicdn.com/img/i1/14867192/O1CN01Bg8p7j22zzXGINnOD_!!4611686018427386616-0-saturn_solar.jpg_460x460q90.jpg_.webp,【政府补贴15%】HONOR/荣耀X50 5G智能手机大电池官方旗舰店官网正品荣耀手机老人学生备用千元机荣耀,华为,1269.00,13,能良数码官方旗舰店,0,0,3
http://img.alicdn.com/img/i4/14867192/O1CN01jYAHgL22zzXZb9Lvd_!!4611686018427386616-2-saturn_solar.png_460x460q90.jpg_.webp,国补【政府补贴15%】Redmi Note 14 Pro+手机红米note手机小米手机官方旗舰店官网新品正品note14pro+,小米,1749.00,2,能良数码官方旗舰店,0,0,4.0
http://img.alicdn.com/img/i2/31915589/O1CN01VWAxe31r9odnOknMZ_!!4611686018427387461-0-saturn_solar.jpg_460x460q90.jpg_.webp,当天发!新品 HUAWEI/华为nova13 100W快充前置6000万4K超广角鸿蒙华为,华为,2449.00,800,创宇嘉汇数码专营店,0,0,3
http://img.alicdn.com/img/i2/31915589/O1CN01VWAxe31r9odnOknMZ_!!4611686018427387461-0-saturn_solar.jpg_460x460q90.jpg_.webp,当天发!新品 HUAWEI/华为nova13 100W快充前置6000万4K超广角鸿蒙华为,华为,2449.00,800,创宇嘉汇数码专营店,0,0,3
https://gw.alicdn.com/imgextra/O1CN01NdT2RG2EjktJVA3YQ_!!1695308781-0-yinheaigc.jpg_460x460q90.jpg_.webp,【政府补贴至高15% | 3期免息】Meizu魅族Lucky08幸运手机新品官方旗舰店高通骁龙1.5K旗舰智能AI学生拍照,other,1299.00,3000,魅族官方旗舰店,0,0,3
https://g-search2.alicdn.com/img/bao/uploaded/i4/i4/1114511827/O1CN01RKDyZ51PMoeQq9h4W_!!4611686018427386323-0-item_pic.jpg_460x460q90.jpg_.webp,【政府补贴15%】HONOR/荣耀X60 5G智能手机十面抗摔防水耐磨5800mAh大电池轻薄直屏一亿像素AI影像官方旗舰店,华为,1149.00,80000,荣耀官方旗舰店,全部(7000+),7000,5.0
http://img.alicdn.com/img/i1/14867192/O1CN01esUwDF22zzXcUIN7G_!!4611686018427386616-2-saturn_solar.png_460x460q90.jpg_.webp,国补【政府补贴15%】Redmi Note 14 Pro+手机红米note手机小米手机官方旗舰店官网新品正品note14pro+,小米,1749.00,2,能良数码官方旗舰店,0,0,3
https://g-search2.alicdn.com/img/bao/uploaded/i4/i2/2256022143/O1CN01lPlHKC1RhXoCTH1IE_!!4611686018427382399-2-item_pic.png_460x460q90.jpg_.webp,【政府补贴手机】OPPO一加 Ace 5 新品学生游戏性能手机第三代骁龙 8 一加官方旗舰店官网正品AI智能5g手机,oppo,2299.00,50000,一加官方旗舰店,全部(5000+),5000,5.0
http://img.alicdn.com/img/i3/2380534912/O1CN01TWFk9L1m9kUbxRL9G_!!2380534912-0-alimamacc.jpg_460x460q90.jpg_.webp,政府补贴15%叠加优惠380起联想moto S50 Neo纤薄高清双曲屏老人学生手,other,1169.02,5000,moto摩托罗拉旗舰店,0,0,3
https://g-search3.alicdn.com/img/bao/uploaded/i4/i4/2217587502021/O1CN010N84pP1QnfTUcXEsu_!!4611686018427382725-2-item_pic.png_460x460q90.jpg_.webp,HONOR/荣耀300手机智能游戏100W超级快充荣耀绿洲护眼屏百亿补贴,华为,1679.00,4000,百亿补贴官方精选,0,0,3
http://img.alicdn.com/img/i1/881090092/O1CN01Le2ycf1CYBTjL7wcG_!!4611686018427387436-2-saturn_solar.png_460x460q90.jpg_.webp,vivo Y300i新品长续航大内存大音量抗摔护眼直屏学生手机官网正品,vivo,1499.00,5,vivo手机官方旗舰店,0,0,5.0
https://g-search1.alicdn.com/img/bao/uploaded/i4/i2/2200766936524/O1CN01bileD91y42yOc4INi_!!4611686018427385292-0-item_pic.jpg_460x460q90.jpg_.webp,【国补立省15%|6期免息】Realme真我Neo7x手机学生5G智能AI电竞游戏防水新款护眼直屏大电池正品官方旗舰店,other,1299.00,50000,realme官方旗舰店,0,0,3
https://img.alicdn.com/imgextra/i3/2226474156/O1CN01QMSSez1gZV5Ias3B0_!!2226474156-0-alimamacc.jpg_460x460q90.jpg_.webp,HUAWEI/华为 畅享60S 鸿蒙千元内5G手机,华为,799.00,47,蓝泊尔数码专营店,0,0,3
无,【国补立省15%|6期免息】realme真我Neo7SE学生5G智能AI电竞潮流游戏防水新款手机护眼大电池正品官方旗舰店,other,1799.00,50000,realme官方旗舰店,全部(200+),200,5.0
无,【政府补贴15%】华为畅享 70X 新品手机巨鲸长续航双曲护眼屏五星超耐摔官方旗舰店鸿蒙曲面屏新款正品畅享70,华为,1749.00,50000,苏宁易购官方旗舰店,全部(40),40,4.5
无,【政府补贴15%】HONOR/荣耀X50 5G智能手机大电池官方旗舰店官网正品荣耀手机老人学生备用千元机荣耀,华为,1269.00,13,能良数码官方旗舰店,0,0,3
无,【政府补贴至高15%】Redmi Note 14 Pro手机红米note小米手机小米官方旗舰店官网新品小米note14pro,小米,1271.02,100000,小米官方旗舰店,全部(20000+),20000,5.0
无,【下拉领政府补贴15%】REDMI K80红米k80手机官方旗舰店游戏拍照学生国补智能手机小米手机红米手机redmik80,小米,2458.72,100000,小米官方旗舰店,0,0,3
http://img.alicdn.com/img/i2/31915589/O1CN01VWAxe31r9odnOknMZ_!!4611686018427387461-0-saturn_solar.jpg_460x460q90.jpg_.webp,当天发!新品 HUAWEI/华为nova13 100W快充前置6000万4K超广角鸿蒙华为,华为,2449.00,800,创宇嘉汇数码专营店,全部(100+),100,4.0
https://g-search3.alicdn.com/img/bao/uploaded/i4/i4/2217587502021/O1CN010N84pP1QnfTUcXEsu_!!4611686018427382725-2-item_pic.png_460x460q90.jpg_.webp,HONOR/荣耀300手机智能游戏100W超级快充荣耀绿洲护眼屏百亿补贴,华为,1679.00,4000,百亿补贴官方精选,全部(300+),300,3
https://g-search3.alicdn.com/img/bao/uploaded/i4/i4/1114511827/O1CN01RKDyZ51PMoeQq9h4W_!!4611686018427386323-0-item_pic.jpg_460x460q90.jpg_.webp,【政府补贴15%】HONOR/荣耀X60 5G智能手机十面抗摔防水耐磨5800mAh大电池轻薄直屏一亿像素AI影像官方旗舰店,华为,1149.00,80000,荣耀官方旗舰店,全部(7000+),7000,5.0
http://img.alicdn.com/img/i1/31703846/O1CN015wVKJN1eHWJEAn8F7_!!4611686018427380518-0-saturn_solar.jpg_460x460q90.jpg_.webp,政府补贴至高500元OPPO Reno13 超美小直屏 AI高清实况照片 学生拍照,oppo,2358.72,60000,OPPO官方旗舰店,0,0,3
https://g-search3.alicdn.com/img/bao/uploaded/i4/i2/2200766936524/O1CN01bileD91y42yOc4INi_!!4611686018427385292-0-item_pic.jpg_460x460q90.jpg_.webp,【国补立省15%|6期免息】Realme真我Neo7x手机学生5G智能AI电竞游戏防水新款护眼直屏大电池正品官方旗舰店,other,1299.00,200,realme官方旗舰店,0,0,3
http://img.alicdn.com/img/i4/14867192/O1CN01jYAHgL22zzXZb9Lvd_!!4611686018427386616-2-saturn_solar.png_460x460q90.jpg_.webp,国补【政府补贴15%】Redmi Note 14 Pro+手机红米note手机小米手机官方旗舰店官网新品正品note14pro+,小米,1749.00,2,能良数码官方旗舰店,0,0,3
https://gw.alicdn.com/imgextra/O1CN01yyLMtb29zGDw9PKfS_!!1714128138.jpg_460x460q90.jpg_.webp,【下拉领政府补贴15%】REDMI K80红米k80手机官方旗舰店游戏拍照学生国补智能手机小米手机红米手机redmik80,小米,2458.72,100000,小米官方旗舰店,全部(20000+),20000,5.0
https://img.alicdn.com/imgextra/i2/2226474156/O1CN01RaUlE11gZV1q1G7ZJ_!!2226474156-0-alimamacc.jpg_460x460q90.jpg_.webp,爆款推荐/全国联保 60 Plus 5G手机新款长续航学生老人机,other,1128.00,24,蓝泊尔数码专营店,全部(4),4,5.0
https://gw.alicdn.com/imgextra/O1CN01NdT2RG2EjktJVA3YQ_!!1695308781-0-yinheaigc.jpg_460x460q90.jpg_.webp,【政府补贴至高15% | 3期免息】Meizu魅族Lucky08幸运手机新品官方旗舰店高通骁龙1.5K旗舰智能AI学生拍照,other,1299.00,3000,魅族官方旗舰店,0,0,3
http://img.alicdn.com/img/i4/58830335/O1CN01fsTOrm1ELTilkg6xx_!!4611686018427383295-0-saturn_solar.jpg_460x460q90.jpg_.webp,5G新品/当天发！Hi 畅享70Pro 5G鸿蒙2024年新款智能AI学生老年华为智选手机官方旗舰正品店官网 70X/70S,华为,1299.00,39,宏达鑫辉数码专营店,全部(12),12,4.0
无,【国补立省15%|6期免息】realme真我Neo7SE学生5G智能AI电竞潮流游戏防水新款手机护眼大电池正品官方旗舰店,other,1799.00,1000,realme官方旗舰店,0,0,3
无,【政府补贴15%叠加优惠380起】联想moto S50 Neo纤薄高清双曲屏老人学生手机应用多开5G摩托罗拉官方智能手机,other,1169.02,5000,moto摩托罗拉旗舰店,0,0,3
无,六期免息 现货速发送豪礼Redmi 红米Note 14 Pro手机红米note14pro小,小米,1269.00,400,热图数码专营店,0,0,3
无,【政府补贴手机】OPPO一加 Ace 5 新品学生游戏性能手机第三代骁龙 8 一加官方旗舰店官网正品AI智能5g手机,oppo,2299.00,50000,一加官方旗舰店,0,0,3
无,【政府补贴15%】华为畅享 70X 新品手机巨鲸长续航双曲护眼屏五星超耐摔官方旗舰店鸿蒙曲面屏新款正品畅享70,华为,1749.00,400,苏宁易购官方旗舰店,全部(40),40,4.5
无,【政府补贴至高15%】Redmi Note 14 Pro手机红米note小米手机小米官方旗舰店官网新品小米note14pro,小米,1271.02,100000,小米官方旗舰店,0,0,3
无,【政府补贴15%】HONOR/荣耀Play9T智能手机 长续航超抗摔高品质 官方旗舰正品游戏拍照商务学生老人机,华为,869.00,79,能良数码官方旗舰店,全部(5),5,4.0
无,16GB+1024GB官方正品2025新款全网通5G智能手机电竞游戏学生备用,other,188.00,9,华天数码科技,0,0,3
无,分期免息/顺丰速发 Hi畅享60S 鸿蒙5G手机2024年新款智能AI学生老年华为智选手机官方旗舰正品店官网70X 70S,华为,799.00,47,蓝泊尔数码专营店,全部(13),13,5.0
无,16GB+1024GB官方正品2025新款全网通5G智能手机电竞游戏学生备用,other,188.00,9,华天数码科技,0,0,3
无,【政府补贴至高15%】Redmi Note 14 5G手机红米note手机小米手机小米官方旗舰店官网新品小米note14,小米,1025.92,50000,小米官方旗舰店,全部(4000+),4000,5.0
无,国家补贴至高立省15%vivo Y300新品长续航大内存大音量抗摔护眼直屏学,vivo,1049.00,5000,vivo手机官方旗舰店,全部(600+),600,5.0
无,16GB+1024GB官方正品2025新款全网通5G智能手机电竞游戏学生备用,other,188.00,27,民生数码科技,0,0,3
无,【政府补贴至高15%】Redmi Note 13 5G手机1亿像素红米note手机小米手机小米官方旗舰店官网新品note13,小米,877.02,100000,小米官方旗舰店,全部(20000+),20000,5.0
无,【政府补贴15%】HONOR/荣耀Play9C 智能5G手机 SGS五星抗跌耐摔认证 5200mAh超能长续航官方旗舰店学生老人机,华为,589.00,20000,荣耀官方旗舰店,0,0,3
无,2025新款！Huawei/华为nova11SE 一亿像素66W快充手机,华为,1288.00,77,蓝泊尔数码专营店,全部(8),8,5.0
无,Sony/索尼 XQ-BQ72 X5III 马克兔3代 骁龙888手机 120HZ 三网电信,other,399.00,1000,锋星优品,0,0,3
无,HONOR/荣耀X60 Pro 智能手机绿洲护眼屏防水耐磨百亿补贴官方正品,华为,1449.00,10000,百亿补贴官方精选,全部(1000+),1000,3
无,【国补立省15%|现货赠蓝牙耳机】realme/真我Neo7学生智能AI电竞潮流游戏防水新款手机大电池正品官方旗舰店,other,2058.72,10000,realme官方旗舰店,0,0,3
无,【政府补贴15%】HONOR/荣耀X50 5G智能手机大电池官方旗舰店官网正品荣耀手机老人学生备用千元机荣耀,华为,1269.00,13,能良数码官方旗舰店,全部(1),1,4.0
无,六期免息 现货速发送豪礼Redmi Note 14 Pro+手机note14pro小米官方官,小米,1749.00,300,热图数码专营店,全部(200+),200,4.0
无,【下拉领国家补贴15%】vivo iQOO Neo9 手机第二代骁龙8官方旗舰店官网正品智能5g学生游戏手机,vivo,1761.02,90000,iQOO手机官方旗舰店,全部(30000+),30000,5.0
无,【政府补贴至高15%】Redmi Note 14 Pro+手机红米note小米手机小米官方旗舰店官网新品小米note14pro+,小米,1760.92,90000,小米官方旗舰店,全部(20000+),20000,5.0
无,【国补立省15%】vivo iQOO Z9 Turbo长续航版新品骁龙学生大电池国补手机专区入口iQOO官方旗舰店,vivo,1761.02,6000,iQOO手机官方旗舰店,全部(500+),500,5.0
无,vivo Y300i新品长续航大内存大音量抗摔护眼直屏学生手机官网正品,vivo,1499.00,5,vivo手机官方旗舰店,0,0,3
无,Huawei/华为 畅享 50原装正品全网通老人学生备用大音量智能手机,华为,451.72,7,胶已人靓机严选,0,0,5.0
无,16GB+1024GB官方正品2025新款全网通5G智能手机电竞游戏学生备用,other,188.00,4,民生数码科技,0,0,3
无,【国补立省15%】realme/真我Neo7学生5G智能AI电竞潮流游戏防水新款手机护眼直屏大电池正品官方旗舰店,other,2058.72,800,realme官方旗舰店,全部(100+),100,5.0
无,【政府补贴至高15%】小米Civi 4 Pro新品手机小米Civi4pro官方旗舰店正品徕卡影像高通第三代骁龙8s国补手机,小米,2558.72,30000,小米官方旗舰店,全部(3000+),3000,5.0
无,【国家补贴15%】华为畅享 70X 新品手机巨鲸长续航 双曲护眼屏 五星超耐摔 华为官方旗舰店鸿蒙曲面屏手机,华为,1749.00,30000,华为官方旗舰店,全部(3000+),3000,5.0
无,【政府补贴15%】Apple/苹果 iPhone 16 手机,other,5199.00,1000,苏宁易购官方旗舰店,0,0,3
无,【新品上市】OPPO A3i 超硬核抗摔架构学生智能拍照手机百亿补贴,oppo,747.00,400,百亿补贴官方精选,0,0,3
无,【立即抢购】Redmi Note 13 Pro 2亿像素小米红米note13pro小米官方旗舰店手机旗舰智能机,小米,1075.02,10000,小米官方旗舰店,全部(1000+),1000,5.0
无,【立即抢购】Redmi 14C手机新品上市智能官方旗舰店红米小米大音老年备用机老人百元机14c,小米,494.01,100000,小米官方旗舰店,全部(7000+),7000,5.0
无,【政府补贴15%】HONOR/荣耀X60 Pro 5G智能手机6600mAh青海湖电池绿洲护眼屏AI 抗摔防水 拍照智能官方旗舰店,华为,1449.00,40000,荣耀官方旗舰店,全部(4000+),4000,5.0
https://ilce.alicdn.com/minolta/483209/3/0627a6e862bb105e792bdde97de34cd0.jpg_800x800.jpg?channel=4&content=%7B%2211%22%3A%7B%22url%22%3A%22https%3A%2F%2Fimg.alicdn.com%2Fimgextra%2Fi2%2F1711695481%2FO1CN01b5ZCK31qMLsBmw78h_%21%211711695481-0-alimamacc.jpg%22%2C%22filters%22%3A%5B%7B%22type%22%3A%22copy%22%2C%22attrs%22%3A%7B%22src_rect%22%3A%5B81%2C331%2C661%2C661%5D%2C%22dst_rect%22%3A%5B0%2C0%2C513%2C513%5D%7D%7D%5D%7D%7D&getAvatar=avatar_460x460q90.jpg_.webp,2025新上市果16Pro max旗舰5G全网通学生Phone官方智能手机正品华,other,658.72,100,向前数码砖营店,0,0,3
https://g-search3.alicdn.com/img/bao/uploaded/i4/i4/2226474156/O1CN01ivVTfL1gZV5XGvgy3_!!4611686018427382956-0-item_pic.jpg_460x460q90.jpg_.webp,顺丰速发/分期免息 Huawei/华为nova11SE 一亿像素66W快充学生老人手机自拍智能华为官方旗舰店官网正品,华为,1288.00,77,蓝泊尔数码专营店,全部(8),8,5.0
https://g-search3.alicdn.com/img/bao/uploaded/i4/i2/2207675478714/O1CN01woCqed2EF4M7yPlLs_!!2207675478714.jpg_460x460q90.jpg_.webp,16GB+1024GB官方正品2025新款全网通5G智能手机电竞游戏学生备用,other,188.00,4,民生数码科技,0,0,3
http://img.alicdn.com/img/i2/881090092/O1CN01A4MjML1CYBTkdRakk_!!4611686018427387436-2-saturn_solar.png_460x460q90.jpg_.webp,vivo Y300i新品长续航大内存大音量抗摔护眼直屏学生手机官网正品,vivo,1499.00,5,vivo手机官方旗舰店,0,0,5.0
https://g-search1.alicdn.com/img/bao/uploaded/i4/i4/1114511827/O1CN01j0rSJX1PMoePykqp2_!!4611686018427386323-0-item_pic.jpg_460x460q90.jpg_.webp,【政府补贴15%】HONOR/荣耀X60i  5G智能手机直屏防水抗跌高品质高亮OLED护眼大屏官方旗舰店官网X50i学生,华为,1149.00,10000,荣耀官方旗舰店,全部(1000+),1000,5.0
无,政府补贴15%叠加优惠380起联想moto S50 Neo纤薄高清双曲屏老人学生手,other,1169.02,5000,moto摩托罗拉旗舰店,0,0,3
无,HONOR/荣耀300 Pro手机荣耀绿洲护眼屏单反级雅人像百亿补贴正品,华为,2419.00,2000,百亿补贴官方精选,全部(200+),200,3
无,当天发!新品 HUAWEI/华为nova13 100W快充前置6000万4K超广角鸿蒙华为,华为,2449.00,800,创宇嘉汇数码专营店,0,0,3
无,【百亿补贴】vivo Y200GT新品手机5G轻薄6000毫安时长续航80W闪充第三代骁龙7大内存144Hz护眼屏,vivo,1241.00,20000,vivo手机官方旗舰店,全部(2000+),2000,5.0
无,【6期免息】Huawei/华为畅享70X华为新款手机数码手机正品官方旗舰店智能手机老人机,华为,1899.00,1000,华为手机专卖店,0,0,3
无,【政府补贴至高15%】Redmi Note 13 Pro手机小米红米2亿像素拍照智能正品新款手机红米备用note13pro,小米,1073.02,200000,小米官方旗舰店,全部(50000+),50000,5.0
无,【新品上市】OPPO A3i Plus 5G手机全新耐用战神 超硬核抗摔耐磨 满级生活防水政府补贴手机oppo官方旗舰店,oppo,1299.00,2000,OPPO官方旗舰店,全部(200+),200,5.0
无,5G新品/当天发！Hi 畅享70 新款5G鸿蒙5000mAh长续航学生老年人华为智选手机官方旗舰店官网正品pro x s,华为,899.00,40,宏达鑫辉数码专营店,全部(11),11,4.0
无,【政府补贴15%】HONOR/荣耀300 5G手机超薄小直屏单反级双防抖主摄100W超级快充荣耀绿洲护眼屏官方旗舰店200,华为,2099.00,20000,荣耀官方旗舰店,0,0,3
无,【政府补贴15%】HONOR/荣耀90 GT 5G智能直屏手机第二代骁龙8旗舰芯片官方旗舰店官网正品学生游戏商务智能,华为,1899.00,100000,荣耀官方旗舰店,全部(10000+),10000,5.0
http://img.alicdn.com/img/i3/2380534912/O1CN01TWFk9L1m9kUbxRL9G_!!2380534912-0-alimamacc.jpg_460x460q90.jpg_.webp,政府补贴15%叠加优惠380起联想moto S50 Neo纤薄高清双曲屏老人学生手,other,1169.02,5000,moto摩托罗拉旗舰店,全部(900+),900,5.0
https://g-search1.alicdn.com/img/bao/uploaded/i4/i2/1114511827/O1CN01oDxhIB1PMoeOWq4VF_!!4611686018427386323-2-item_pic.png_460x460q90.jpg_.webp,【政府补贴15%】HONOR/荣耀90 GT 5G智能直屏手机第二代骁龙8旗舰芯片官方旗舰店官网正品学生游戏商务智能,华为,1899.00,100000,荣耀官方旗舰店,全部(10000+),10000,5.0
https://g-search1.alicdn.com/img/bao/uploaded/i4/i4/1114511827/O1CN01RKDyZ51PMoeQq9h4W_!!4611686018427386323-0-item_pic.jpg_460x460q90.jpg_.webp,【政府补贴15%】HONOR/荣耀X60 5G智能手机十面抗摔防水耐磨5800mAh大电池轻薄直屏一亿像素AI影像官方旗舰店,华为,1149.00,80000,荣耀官方旗舰店,全部(7000+),7000,5.0
http://img.alicdn.com/img/i1/14867192/O1CN01Bg8p7j22zzXGINnOD_!!4611686018427386616-0-saturn_solar.jpg_460x460q90.jpg_.webp,【政府补贴15%】HONOR/荣耀X50 5G智能手机大电池官方旗舰店官网正品荣耀手机老人学生备用千元机荣耀,华为,1269.00,13,能良数码官方旗舰店,全部(1),1,4.0
https://g-search1.alicdn.com/img/bao/uploaded/i4/i4/2217587502021/O1CN01Lz871R1QnfTXYq38j_!!4611686018427382725-2-item_pic.png_460x460q90.jpg_.webp,【新品上市】OPPO A3i 超硬核抗摔架构学生智能拍照手机百亿补贴,oppo,747.00,400,百亿补贴官方精选,全部(27),27,3
http://img.alicdn.com/img/i1/6204464555/O1CN01kHZ4E01jWF6linv6x_!!4611686018427387307-0-saturn_solar.jpg_460x460q90.jpg_.webp,【6期免息】Huawei/华为畅享70X华为新款手机数码手机正品官方旗舰店智能手机老人机,华为,1899.00,1000,华为手机专卖店,全部(200+),200,5.0
https://g-search3.alicdn.com/img/bao/uploaded/i4/i3/1114511827/O1CN01hujt921PMoeQaHkFY_!!4611686018427386323-2-item_pic.png_460x460q90.jpg_.webp,【政府补贴15%】HONOR/荣耀300 5G手机超薄小直屏单反级双防抖主摄100W超级快充荣耀绿洲护眼屏官方旗舰店200,华为,2099.00,20000,荣耀官方旗舰店,全部(2000+),2000,5.0
https://img.alicdn.com/imgextra/i3/2226474156/O1CN01QMSSez1gZV5Ias3B0_!!2226474156-0-alimamacc.jpg_460x460q90.jpg_.webp,HUAWEI/华为 畅享60S 鸿蒙千元内5G手机,华为,799.00,47,蓝泊尔数码专营店,全部(13),13,5.0
https://g-search1.alicdn.com/img/bao/uploaded/i4/i4/1114511827/O1CN01fbx3hP1PMoePkKQnW_!!4611686018427386323-2-item_pic.png_460x460q90.jpg_.webp,【政府补贴15%】HONOR/荣耀X60 Pro 5G智能手机6600mAh青海湖电池绿洲护眼屏AI 抗摔防水 拍照智能官方旗舰店,华为,1449.00,40000,荣耀官方旗舰店,全部,,5.0
http://img.alicdn.com/img/i3/14867192/O1CN01MilMfn22zzXe3XWSE_!!4611686018427386616-0-saturn_solar.jpg_460x460q90.jpg_.webp,国补【政府补贴15%】Redmi Note 14 Pro+手机红米note手机小米手机官方旗舰店官网新品正品note14pro+,小米,1749.00,2,能良数码官方旗舰店,0,0,3
无,【新品上市】OPPO A3i Plus 5G手机全新耐用战神 超硬核抗摔耐磨 满级生活防水政府补贴手机oppo官方旗舰店,oppo,1299.00,2000,OPPO官方旗舰店,全部(200+),200,5.0
无,【政府补贴至高15%】Redmi Note 13 Pro手机小米红米2亿像素拍照智能正品新款手机红米备用note13pro,小米,1073.02,200000,小米官方旗舰店,全部(50000+),50000,5.0
无,5G新品/当天发！Hi 畅享70 新款5G鸿蒙5000mAh长续航学生老年人华为智选手机官方旗舰店官网正品pro x s,华为,899.00,40,宏达鑫辉数码专营店,全部(11),11,4.0
无,【政府补贴至高15%】Redmi Note 14 Pro手机红米note小米手机小米官方旗舰店官网新品小米note14pro,小米,1271.02,100000,小米官方旗舰店,全部(20000+),20000,5.0
无,【政府补贴15%】Apple/苹果 iPhone 16 手机,other,5199.00,1000,苏宁易购官方旗舰店,全部(100+),100,4.5
无,【政府补贴至高15% | 3期免息】Meizu魅族Lucky08幸运手机新品官方旗舰店高通骁龙1.5K旗舰智能AI学生拍照,other,1299.00,3000,魅族官方旗舰店,0,0,3
无,【政府补贴手机】OPPO一加 Ace 5 新品学生游戏性能手机第三代骁龙 8 一加官方旗舰店官网正品AI智能5g手机,oppo,2299.00,50000,一加官方旗舰店,全部(5000+),5000,5.0
无,【国补立省15%】vivo iQOO Z9 Turbo长续航版新品骁龙学生大电池国补手机专区入口iQOO官方旗舰店,vivo,1761.02,6000,iQOO手机官方旗舰店,全部(500+),500,5.0
无,【政府补贴15%】HONOR/荣耀GT 5G智能手机幻影引擎第三代骁龙8旗舰芯片NFC官网官方旗舰游戏学生,华为,2199.00,3000,荣耀官方旗舰店,全部(400+),400,5.0
无,【政府补贴15%】HONOR/荣耀GT 5G智能手机幻影引擎第三代骁龙8旗舰芯片NFC官网官方旗舰点游戏学生拍照手机,华为,2199.00,10000,荣耀官方旗舰店,0,0,3
无,【百亿补贴】vivo Y200GT新品手机5G轻薄6000毫安时长续航80W闪充第三代骁龙7大内存144Hz护眼屏,vivo,1241.00,20000,vivo手机官方旗舰店,全部(2000+),2000,5.0
无,【官方正品】曲面屏手机16GB+512GB大内存智能5G全网通八核7.2英寸大屏,other,538.00,6,嘉橙数码专营店,全部(2),2,4.5
无,【政府补贴500元丨顺丰速发】Apple/苹果 iPhone 16 新款5G手机原封国行官方官网正品旗舰店优惠直降,other,5199.00,6000,壹品良机旗舰店,全部(500+),500,5.0
无,HONOR/荣耀300 Pro手机荣耀绿洲护眼屏单反级雅人像百亿补贴正品,华为,2419.00,2000,百亿补贴官方精选,全部(200+),200,3
无,【政府补贴立省500元】Apple/苹果 iPhone 15 国行正品全新未拆封全网通智能苹果手机,other,4398.00,2000,百亿补贴品牌优选,全部(75),75,3
无,【政府补贴15%】HONOR/荣耀GT 新款5G智能手机第三代骁龙8芯片AI魔法修图官网正品手机国补,华为,2129.00,900,喵速达电器官方旗舰店,全部(100+),100,5.0
无,【国补立省15%|现货赠蓝牙耳机】realme/真我Neo7学生智能AI电竞潮流游戏防水新款手机大电池正品官方旗舰店,other,2058.72,10000,realme官方旗舰店,全部(5000+),5000,5.0
无,【国家补贴至高立省15%】vivo S20智能5G柔光人像拍照轻薄长续航大电池学生直屏手机官方旗舰店正品,vivo,1999.00,100,vivo手机官方旗舰店,全部(7000+),7000,5.0
无,Samsung/三星 Galaxy S23 Ultra SM-S9180全网通5G手机S24Ultra,other,3728.00,100,优品数码正品店,0,0,3
无,16GB+1024GB官方正品2025新款全网通5G智能手机电竞游戏学生备用,other,188.00,29,民生数码科技,0,0,3
无,5G新品/当天发！Hi 畅享70Pro 5G鸿蒙2024年新款智能AI学生老年华为智选手机官方旗舰正品店官网 70X/70S,华为,1299.00,39,宏达鑫辉数码专营店,0,0,3
无,【政府补贴至高15%】小米15手机新品新款上市小米徕卡联合研发小米官方旗舰店官网高通骁龙8至尊版国补手机,小米,4438.72,90000,小米官方旗舰店,全部(8000+),8000,5.0
无,OPPO K12 Plus 游戏学生备用机骁龙5g新款手机超耐久大电池OPPO官方旗舰店官网正品政府补贴oppoAI智能手机,oppo,1379.00,10000,OPPO官方旗舰店,全部(1000+),1000,5.0
无,【国家补贴15%】华为nova 13前置6000万超广角人像AI修图北斗卫星图片消息华为官方旗舰店鸿蒙直面屏学生手机,华为,2549.00,100,华为官方旗舰店,全部(10000+),10000,5.0
无,当天发!送好礼 HONOR/荣耀畅玩60 Plus 12+512GB全网通5G手机官方旗舰,华为,1099.00,1000,创宇嘉汇数码专营店,全部(100+),100,4.0
无,16GB+1024GB官方正品2025新款全网通5G智能手机电竞游戏学生备用,other,188.00,69,民生数码科技,0,0,3
无,【国补立省15%】vivo iQOO Z9新款骁龙大内存大电池5G手机iQOO官方旗舰店官网正品送礼国家补贴手机,vivo,1291.62,40000,iQOO手机官方旗舰店,全部(4000+),4000,5.0
无,【新品上市】OPPO Find X8 5G手机无影抓拍超轻薄直屏潮汐引擎天玑9400 AI一键问屏政府补贴oppo官方旗舰店,oppo,3979.00,50000,OPPO官方旗舰店,全部(9000+),9000,5.0
无,【政府补贴15%】HONOR/荣耀X60i  5G智能手机直屏防水抗跌高品质高亮OLED护眼大屏官方旗舰店官网X50i学生,华为,1149.00,10000,荣耀官方旗舰店,全部(1000+),1000,5.0
无,当天发!送好礼 小米Note13Pro 16+512GB手机2亿像素红米note13pro 13r,小米,799.00,2000,创宇嘉汇数码专营店,全部(200+),200,4.0
无,【下拉领政府补贴15%】REDMI K80红米k80手机官方旗舰店游戏拍照学生国补智能手机小米手机红米手机redmik80,小米,2458.72,100000,小米官方旗舰店,全部(20000+),20000,5.0
无,【立即抢购】Redmi Note 13 Pro 2亿像素小米红米note13pro小米官方旗舰店手机旗舰智能机,小米,1075.02,10000,小米官方旗舰店,全部(1000+),1000,5.0
无,HONOR/荣耀X60 Pro 智能手机绿洲护眼屏防水耐磨百亿补贴官方正品,华为,1449.00,10000,百亿补贴官方精选,0,0,3
无,顺丰包邮/分期免息 Redmi Note 14 12+256G大内存新款5G小米红米手机官方旗舰正品店老人学生手机红米note14R,小米,628.00,19,蓝泊尔数码专营店,0,0,3
无,HONOR/荣耀90 GT 5G智能 直屏 手机第二代骁龙8旗舰芯片官方旗舰店官网正品学生游戏电竞护眼拍照智能手机,华为,1649.00,5000,百亿补贴品牌优选,0,0,3
http://img.alicdn.com/img/i3/2380534912/O1CN01TWFk9L1m9kUbxRL9G_!!2380534912-0-alimamacc.jpg_580x580q90.jpg_.webp,政府补贴15%叠加优惠380起联想moto S50 Neo纤薄高清双曲屏老人学生手,other,1169.02,5000,moto摩托罗拉旗舰店,0,0,3
https://gw.alicdn.com/imgextra/O1CN01oOgrUg2FLJN1Dbi04_!!2213856588863-0-picasso.jpg_580x580q90.jpg_.webp,【政府补贴15%】HONOR/荣耀GT 新款5G智能手机第三代骁龙8芯片AI魔法修图官网正品手机国补,华为,2129.00,900,喵速达电器官方旗舰店,0,0,3
https://g-search3.alicdn.com/img/bao/uploaded/i4/i2/2200766936524/O1CN01bileD91y42yOc4INi_!!4611686018427385292-0-item_pic.jpg_580x580q90.jpg_.webp,【国补立省15%|6期免息】Realme真我Neo7x手机学生5G智能AI电竞游戏防水新款护眼直屏大电池正品官方旗舰店,other,1299.00,50000,realme官方旗舰店,全部(49),49,5.0
http://img.alicdn.com/img/i1/6204464555/O1CN01V5SjC41jWF6kiwewK_!!4611686018427387307-2-saturn_solar.png_580x580q90.jpg_.webp,【6期免息】Huawei/华为畅享70X华为新款手机数码手机正品官方旗舰店智能手机老人机,华为,1899.00,1000,华为手机专卖店,全部(200+),200,5.0
https://g-search3.alicdn.com/img/bao/uploaded/i4/i2/2200766936524/O1CN01SvE0X61y42yQZWJof_!!4611686018427385292-0-item_pic.jpg_580x580q90.jpg_.webp,【国补立省15%|6期免息】realme真我Neo7SE学生5G智能AI电竞潮流游戏防水新款手机护眼大电池正品官方旗舰店,other,1799.00,50000,realme官方旗舰店,全部(200+),200,5.0
https://img.alicdn.com/imgextra/i3/2226474156/O1CN01QMSSez1gZV5Ias3B0_!!2226474156-0-alimamacc.jpg_580x580q90.jpg_.webp,HUAWEI/华为 畅享60S 鸿蒙千元内5G手机,华为,799.00,47,蓝泊尔数码专营店,0,0,3
https://g-search3.alicdn.com/img/bao/uploaded/i4/i3/2200766936524/O1CN01JtpzH81y42yPMxpSA_!!4611686018427385292-0-item_pic.jpg_580x580q90.jpg_.webp,【国补立省15%】realme/真我Neo7学生5G智能AI电竞潮流游戏防水新款手机护眼直屏大电池正品官方旗舰店,other,2058.72,800,realme官方旗舰店,全部(100+),100,5.0
http://img.alicdn.com/img/i2/14867192/O1CN01PRJCEn22zzXGaSCvo_!!4611686018427386616-0-saturn_solar.jpg_580x580q90.jpg_.webp,【政府补贴15%】HONOR/荣耀X50 5G智能手机大电池官方旗舰店官网正品荣耀手机老人学生备用千元机荣耀,华为,1269.00,13,能良数码官方旗舰店,0,0,3
https://g-search3.alicdn.com/img/bao/uploaded/i4/i2/909410026/O1CN01OMkDAn1C3xHWDdUwF_!!0-item_pic.jpg_580x580q90.jpg_.webp,当天发!送好礼 小米Note13Pro 16+512GB手机2亿像素红米note13pro 13r拍照游戏5G旗舰小米官方旗舰官网正品店,小米,799.00,2000,创宇嘉汇数码专营店,全部(200+),200,4.0
http://img.alicdn.com/img/i1/14867192/O1CN01esUwDF22zzXcUIN7G_!!4611686018427386616-2-saturn_solar.png_580x580q90.jpg_.webp,国补【政府补贴15%】Redmi Note 14 Pro+手机红米note手机小米手机官方旗舰店官网新品正品note14pro+,小米,1749.00,2,能良数码官方旗舰店,0,0,3
https://g-search1.alicdn.com/img/bao/uploaded/i4/i4/686947088/O1CN01pHX0ko22EMLVp0rdv_!!4611686018427386640-0-item_pic.jpg_580x580q90.jpg_.webp,【政府补贴500元丨顺丰速发】Apple/苹果 iPhone 15 全网通5G智能手机 网官方正品旗舰店国行优惠直降价国补,other,4599.00,1000,壹品良机旗舰店,全部(200+),200,5.0
https://g-search3.alicdn.com/img/bao/uploaded/i4/i1/2200766936524/O1CN01zFRChQ1y42yRXhwVb_!!4611686018427385292-0-item_pic.jpg_580x580q90.jpg_.webp,【国家补贴15%|直降200元】realme真我GT7 Pro竞速版骁龙至尊芯学生电竞智能游戏数码手机官方旗舰正品新款,other,3199.00,1000,realme官方旗舰店,0,0,3
无,5G新品/当天发！Hi 畅享70 新款5G鸿蒙5000mAh长续航学生老年人华为智选手机官方旗舰店官网正品pro x s,华为,899.00,40,宏达鑫辉数码专营店,0,0,3
无,Sony/索尼 XQ-BQ72 X5III 马克兔3代 骁龙888手机 120HZ 三网电信,other,399.00,1000,锋星优品,0,0,3
无,【国补立省15%|直播间赠T01耳机】realme真我GT6官方正品旗舰新款ai电竞商务智能性价比高游戏5g全网通手机,other,2158.72,10000,realme官方旗舰店,0,0,3
无,16GB+1024GB官方正品2025新款全网通5G智能手机电竞游戏学生备用,other,188.00,40,民生数码科技,0,0,3
无,【政府补贴手机】OPPO一加 Ace 5 新品学生游戏性能手机第三代骁龙 8 一加官方旗舰店官网正品AI智能5g手机,oppo,2299.00,50000,一加官方旗舰店,全部(5000+),5000,5.0
无,【国家补贴至高立省15%】vivo Y200t手机5G轻薄6000毫安时44W闪充大内存120Hz金刚护眼屏48个月流畅,vivo,949.00,70000,vivo手机官方旗舰店,全部(10000+),10000,5.0
无,Sony/索尼 Xperia5IV 四代 骁龙8 Gen1 三网通用 120HZ 原装手机,other,908.00,100,锋星优品,0,0,3
无,【5G百元机优选】努比亚小牛5G拍照手机大电池一亿像素5000mAh智能语音学生游戏手机官网官旗努比亚小牛,other,832.02,2000,努比亚官方旗舰店,0,0,3
无,OPPO K12x 拍照智能手机80W超级闪充新款电竞游戏oppo官方旗舰店政府补贴正品学生备用机老人机oppo k12x,oppo,899.00,30000,OPPO官方旗舰店,0,0,3
无,【官方正品】曲面屏手机16GB+512GB大内存智能5G全网通八核7.2英寸大屏,other,538.00,6,嘉橙数码专营店,0,0,3
无,【国补立省15%】vivo iQOO Z9新款骁龙大内存大电池5G手机iQOO官方旗舰店官网正品送礼国家补贴手机,vivo,1271.62,20000,iQOO手机官方旗舰店,全部(1000+),1000,5.0
无,16GB+1024GB官方正品2025新款全网通5G智能手机电竞游戏学生备用,other,188.00,33,华天数码科技,0,0,3
无,【下拉领国家补贴15%】vivo iQOO Neo10手机官方旗舰店官网学生拍照游戏电竞智能手机iq neo10新款,vivo,2258.72,100,iQOO手机官方旗舰店,全部(10000+),10000,5.0
无,5G新品/当天发！Hi 畅享70Pro 5G鸿蒙2024年新款智能AI学生老年华为智选手机官方旗舰正品店官网 70X/70S,华为,1299.00,39,宏达鑫辉数码专营店,0,0,3
无,【国家补贴15%】华为畅享 70X 新品手机巨鲸长续航 双曲护眼屏 五星超耐摔 华为官方旗舰店鸿蒙曲面屏手机,华为,1749.00,30000,华为官方旗舰店,全部(3000+),3000,5.0
无,【直播购机更优惠 支持国补】Redmi K70至尊版红米手机小米手机小米官方旗舰店新品上市红米k70至尊版学生,小米,2708.72,100000,小米官方旗舰店,全部(20000+),20000,5.0
无,【国家补贴立省15%】vivo iQOO Neo10 Pro智能手机官方旗舰店学生游戏电竞手机正品,vivo,2858.72,100,iQOO手机官方旗舰店,全部(1000+),1000,5.0
无,【享12期免息 赠两年全面保】红魔9S Pro/Pro+骁龙8GEN3领先版165W第六代全面屏全功能NFC魔方AI5G电竞手机,other,3558.72,2000,百亿补贴品牌优选,全部(500+),500,3
无,2025新款 果16 Pro max大屏千元全网通游戏phone智能5G手机正品华,other,658.72,300,东升数码砖营店,0,0,3
无,【立即抢购】Redmi 14C手机新品上市智能官方旗舰店红米小米大音老年备用机老人百元机14c,小米,494.01,100000,小米官方旗舰店,全部(7000+),7000,5.0
无,16GB+1024GB官方正品2025新款全网通5G智能手机电竞游戏学生备用,other,188.00,21,华天数码科技,0,0,3
无,Samsung/三星 Galaxy S23 SM-S9110 国行双卡直屏Ultra全网通S23+,other,2500.00,2000,盼盼数码科技,0,0,3
无,2025新款Mat 60 Pro曲屏50全网通5G手机Pur 70 Pro+千元机正品华,other,758.72,85,东升数码砖营店,0,0,3
无,工厂直销新款正品16G+512G智能手机高清屏双卡全网通5G便宜学生价,other,188.00,62,龙玲数码科技,0,0,3
无,【政府补贴15%】HONOR/荣耀Play 9T 智能手机长续航超抗摔高品质官方旗舰店官网正品play 8T商务学生老人机,华为,849.00,30000,荣耀官方旗舰店,全部(3000+),3000,5.0
无,MIUI/小米RedmiK60正品15Pro智能手机5G官方旗舰Note14全网通双卡,小米,688.00,55,5G飞扬数码小店,0,0,3
无,【政府补贴15%】 一加 Ace 5 第三代骁龙 8   120Hz 电竞护眼直屏 新品游戏手机5g全网通手机,一加,2299.00,2000,喵速达电器官方旗舰店,全部(200+),200,5.0
无,当天发!送豪华礼  新款X50GT 512GB旗舰5G曲面屏荣耀手机高端游戏拍照,华为,1588.00,200,源旺数码专营店,全部(33),33,4.0
无,新款工厂直销全新正品16G+512G智能手机6.8英寸双卡便宜全网通5G,other,188.00,59,可惜数码科技,0,0,3
无,Samsung/三星 Galaxy S23 SM-S9110未激活S23+S23Ultra国行5G手机,other,2459.72,500,糖糖数码商品店,0,0,3
无,【国补立省15%|直播间加赠T01】realme真我GT6官方正品旗舰新款ai电竞商务智能性价比高游戏5g全网通手机,other,2138.72,1000,realme官方旗舰店,全部(100+),100,5.0
无,Samsung/三星 Galaxy S24 Ultra SM-S9280 新款5G手机S25Ultra,other,4968.00,81,优品数码正品店,0,0,3
无,【国家补贴至高立省15%】vivo Y300 Pro 新品大电池80W闪充全等深微四曲屏大内存学生手机官网正品,vivo,1349.00,10000,vivo手机官方旗舰店,全部(2000+),2000,5.0
无,Samsung/三星 Galaxy A55 5G SM-A5560手机5G海外国际版全新正品,other,2139.00,100,澳门迅诚数码,0,0,3
无,Apple/苹果 iPhone 16 Pro,other,7999.00,100,Apple Store 官方旗舰店,0,0,3
无,【下拉领政府补贴15%】Redmi K70红米手机小米手机官方旗舰店红米k70小米k70高通骁龙8Gen2澎湃OS,小米,2599.00,300000,小米官方旗舰店,0,0,5.0
